{
    "codename": "d_blog_module",
    "version": "3.1.8",
    "name": "Blog module",
    "description": "A blog module based on twig and events. Huge functionality packed in one great solution. ",
    "index": "extension/module/d_blog_module",
    "author": {
        "name": "Dreamvention",
        "email": "info@dreamvention.com",
        "url": "https://dreamvention.com/"
    },
    "opencart_version": "2.0.1.0-4",
    "type": "module",
    "license": {
        "type": "free",
        "url": "https://shopunity.net/licenses/free"
    },
    "install": {
        "url": "extension/extension/module/install&extension=d_blog_module"
    },
    "uninstall": {
        "url": "extension/extension/module/uninstall&extension=d_blog_module"
    },
    "support": {
        "email": "support@dreamvention.com",
        "url": "https://dreamvention.ee/support"
    },
    "required": {
        "d_opencart_patch": ">= 1.0.0",
        "d_event_manager": ">=1.1.0",
        "d_twig_manager": ">= 1.5.5",
        "d_simple_html_dom": ">= 1.0.3",
        "d_bootstrap_rating": ">= 1.0.0",
        "d_fileinput": ">= 1.0.0",
        "d_bootstrap_bootbox": ">= 4.4.0",
        "d_bootstrap_switch": ">= 3.3.3",
        "d_tinysort": ">= 2.3.6",
        "d_rubaxa_sortable": ">= 1.4.0",
        "d_bootstrap_colorpicker": ">= 2.5.0",
        "d_twig_partial": ">=1.0.0",
        "d_admin_style": ">= 1.0.0",
        "d_validator": ">=1.0.2"
    },
    "files": [
        "system/library/d_shopunity/extension/d_blog_module.json",
        "system/config/d_blog_module.php",

        "admin/controller/extension/module/d_blog_module.php",
        "admin/controller/extension/d_ajax_search/blog.php",
        "admin/controller/extension/event/d_blog_module.php",
        "admin/language/en-gb/extension/event/d_blog_module.php",
        "admin/model/extension/module/d_blog_module.php",
        "admin/language/en-gb/extension/module/d_blog_module.php",
        "admin/view/template/extension/module/d_blog_module.twig",
        "admin/view/template/extension/event/d_blog_module.twig",
        "admin/view/template/extension/d_blog_module/welcome.twig",


        "catalog/model/extension/module/d_blog_module.php",
        "catalog/controller/extension/event/d_blog_module.php",
        "catalog/language/en-gb/extension/event/d_blog_module.php",
        "image/catalog/d_blog_module/no_profile_image.png",
        "image/catalog/d_blog_module/review/index.html",
        "image/catalog/d_visual_designer/blog_post.svg",

        "system/config/d_visual_designer_route/d_blog_module_category.php",
        "system/config/d_ajax_search/blog.php",
        "system/config/d_visual_designer_route/d_blog_module_post.php",
        "system/config/d_visual_designer_route/d_blog_module_author.php",

        "system/config/d_blog_module_layout/grid.php",
        "system/config/d_blog_module_demo/d_blog_module.php",
        "system/config/d_blog_module_demo/d_blog_module.sql",

        "catalog/view/theme/default/template/extension/d_blog_module/author.twig",
        "catalog/view/theme/default/template/extension/d_blog_module/category.twig",
        "catalog/view/theme/default/template/extension/d_blog_module/layout_grid.twig",
        "catalog/view/theme/default/template/extension/d_blog_module/post.twig",
        "catalog/view/theme/default/template/extension/d_blog_module/post_thumb.twig",
        "catalog/view/theme/default/template/extension/d_blog_module/review.twig",
        "catalog/view/theme/default/template/extension/d_blog_module/review_thumb.twig",
        "catalog/view/theme/default/template/extension/d_blog_module/search.twig",

        "catalog/view/theme/default/javascript/d_blog_module/author.js",
        "catalog/view/theme/default/javascript/d_blog_module/category.js",
        "catalog/view/theme/default/javascript/d_blog_module/main.js",
        "catalog/view/theme/default/javascript/d_blog_module/post.js",
        "catalog/view/theme/default/javascript/d_blog_module/review.js",
        "catalog/view/theme/default/stylesheet/d_blog_module/animate.css",
        "catalog/view/theme/default/stylesheet/d_blog_module/d_blog_module.scss",
        "catalog/view/theme/default/stylesheet/d_blog_module/d_blog_module.css.map",
        "catalog/view/theme/default/stylesheet/d_blog_module/d_blog_module.css",
        "catalog/view/theme/default/stylesheet/d_blog_module/bootstrap.scss",
        "catalog/view/theme/default/stylesheet/d_blog_module/bootstrap.css.map",
        "catalog/view/theme/default/stylesheet/d_blog_module/bootstrap.css",
        "catalog/view/theme/default/stylesheet/d_blog_module/theme/default/default.scss",
        "catalog/view/theme/default/stylesheet/d_blog_module/theme/default.css",
        "catalog/view/javascript/d_blog_module/gulpfile.js",
        "admin/controller/extension/d_visual_designer_module/blog_post.php",
        "admin/language/en-gb/extension/d_visual_designer_module/blog_post.php",
        "admin/language/english/extension/d_visual_designer_module/blog_post.php",
        "admin/model/extension/d_visual_designer_module/blog_post.php",
        "admin/view/template/extension/d_visual_designer/settings_block/vd-setting-block-blog_post.tag",
        "catalog/controller/extension/d_visual_designer_module/blog_post.php",
        "catalog/language/en-gb/extension/d_visual_designer_module/blog_post.php",
        "catalog/language/english/extension/d_visual_designer_module/blog_post.php",
        "catalog/model/extension/d_visual_designer_module/blog_post.php",
        "catalog/view/theme/default/template/extension/d_visual_designer/content_blocks/vd-block-blog_post.tag",
        "catalog/view/theme/default/template/extension/d_visual_designer_module/blog_post.twig",
        "system/config/d_visual_designer/blog_post.php"
    ],
    "dirs":[
        "admin/controller/extension/d_blog_module",
        "admin/model/extension/d_blog_module",
        "admin/language/en-gb/extension/d_blog_module",
        "admin/view/template/extension/d_blog_module",
        "admin/view/image/d_blog_module",
        "catalog/view/theme/default/stylesheet/d_blog_module/theme/default",
        "catalog/controller/extension/d_blog_module",
        "catalog/model/extension/d_blog_module",
        "catalog/language/en-gb/extension/d_blog_module",

        "image/catalog/d_blog_module/category",
        "image/catalog/d_blog_module/post"
    ],
    "changelog": [
        {
            "version":"3.1.8",
            "change": "fix injection"
        },
        {
            "version":"3.1.7",
            "change": "Validator dependency"
        },
        {
            "version":"3.1.6",
            "change": "sem var"
        },
        {
            "version":"3.1.5",
            "change": "return comment back, addAuthor compatibility with <2.1.0.0 versions, fix vd compatible in multilanguage, fix autocomplete for category parent"
        },
        {
            "version":"3.1.4",
            "change": "fix bug with menu header. Added support for oc v3.0.3.1"
        },
        {
            "version":"3.1.3",
            "change": "add support VDH menu block"
        },
        {
            "version":"3.1.2",
            "change": "fix bug with VD"
        },
        {
            "version":"3.1.1",
            "change": "bug fixes"
        },
        {
            "version":"3.1.0",
            "change": "Add support visual designer 3. Strict area limitation fix for this, change file structure, fix bootsrap rating, add setup screen"
        },
        {
            "version":"3.0.12",
            "change": "Add support live ajax search."
        },
        {
            "version":"3.0.11",
            "change": "Add JSON Callback."
        },
		{
            "version":"3.0.10",
            "change": "Fix d_fileinput load path."
        },
        {
            "version":"3.0.9",
            "change": "Bug fix of category link in post."
        },
        {
            "version":"3.0.8",
            "change": "add function getAuthor() and bug fix."
        },
		{
            "version":"3.0.7",
            "change": "short_description in category, multy languages tags in post and bug fix."
        },
		{
            "version":"3.0.6",
            "change": "d_shopunity bug fix."
        },
        {
            "version":"3.0.5",
            "change": "Fix permission issue"
        },
        {
            "version":"3.0.4",
            "change": "1. Fix demo data installation."
        },
        {
            "version":"3.0.3",
            "change": "1. Fix Author form."
        },
        {
            "version":"3.0.2",
            "change": "1. Fix for Social Login module. 2. Fix image manager in admin panel."
        },
        {
            "version":"3.0.1",
            "change": "Fix demo data and saving settings"
        },
        {
            "version":"3.0.0",
            "change": "Initial commit."
        }
    ]
}
