{
    "codename": "d_bootstrap_extra",
    "version": "1.0.3",
    "name": "Bootstrap extra",
    "description": "Adds extra styles to Boostrap like callouts and fix paddings",
    "author": {
        "name": "Dreamvention",
        "email": "info@dreamvention.com",
        "url": "https://dreamvention.com"
    },
    "opencart_version": "2-4",
    "type": "library",
    "license": {
        "type": "free",
        "url": "https://shopunity.net/licenses/free"
    },
    "support": {
        "email": "support@dreamvention.com",
        "url": "https:/dreamvention.com/support"
    },
    "files": [
        "system/library/d_shopunity/extension/d_bootstrap_extra.json"
    ],
    "dirs": [
        "admin/view/stylesheet/d_bootstrap_extra"
    ],
    "changelog": [
        {
            "version": "1.0.3",
            "change": "sev vars"
        },
        {
            "version": "1.0.2",
            "change": "Added support OC v3.0.3.1"
        },
        {
            "version": "1.0.0",
            "change": "added new opencart versions"
        },
        {
            "version": "1.0.0",
            "change": "Initial commit"
        }
    ]
}