{
    "codename": "d_fileinput",
    "version": "1.1.2",
    "name": "Fileinput JS library",
    "description": "Adds fileinput js library",
   
    "author": {
        "name": "Dreamvention",
        "email": "info@dreamvention.com",
        "url": "https://dreamvention.com"
    },
    "opencart_version": "2-4",
    "type": "library",
    "license": {
        "type": "free",
        "url": "https://shopunity.net/licenses/free"
    },
    "support": {
        "email": "support@dreamvention.com",
        "url": "https:/dreamvention.com/support"
    },
    "files": [
        "system/library/d_shopunity/extension/d_fileinput.json"
            ],
     "dirs": [
        "admin/view/javascript/d_fileinput",
        "catalog/view/javascript/d_fileinput"
    ],
    "changelog": [
        {
            "version": "1.1.2",
            "change": "sem var"
        },{
            "version": "1.1.1",
            "change": "Added support OC v3.0.3.1"
        },
        {
            "version": "1.1.0",
            "change": "added new opencart versions and moved out of library folder"
        },
        {
            "version": "1.0.2",
            "change": "Update json"
        },
        {
            "version": "1.0.1",
            "change": "Add version 2.3.0.2"
        },
        {
            "version": "1.0.0",
            "change": ""
        }
    ]
}